{
  "ions": {
    "H+": {"charge": "+1", "name": "Hydrogen ion"},
    "H-": {"charge": "-1", "name": "Hydride ion"},
    "Li+": {"charge": "+1", "name": "Lithium ion"},
    "Na+": {"charge": "+1", "name": "Sodium ion"},
    "K+": {"charge": "+1", "name": "Potassium ion"},
    "Rb+": {"charge": "+1", "name": "Rubidium ion"},
    "Cs+": {"charge": "+1", "name": "Cesium ion"},
    "Be2+": {"charge": "+2", "name": "Beryllium ion"},
    "Mg2+": {"charge": "+2", "name": "Magnesium ion"},
    "Ca2+": {"charge": "+2", "name": "Calcium ion"},
    "Sr2+": {"charge": "+2", "name": "Strontium ion"},
    "Ba2+": {"charge": "+2", "name": "Barium ion"},
    "Al3+": {"charge": "+3", "name": "Aluminum ion"},
    "Cr3+": {"charge": "+3", "name": "Chromium(III) ion"},
    "Cr6+": {"charge": "+6", "name": "Chromium(VI) ion"},
    "Mn2+": {"charge": "+2", "name": "Manganese(II) ion"},
    "Mn7+": {"charge": "+7", "name": "Manganese(VII) ion"},
    "Fe2+": {"charge": "+2", "name": "Iron(II) ion"},
    "Fe3+": {"charge": "+3", "name": "Iron(III) ion"},
    "Co2+": {"charge": "+2", "name": "Cobalt(II) ion"},
    "Co3+": {"charge": "+3", "name": "Cobalt(III) ion"},
    "Ni2+": {"charge": "+2", "name": "Nickel(II) ion"},
    "Cu+": {"charge": "+1", "name": "Copper(I) ion"},
    "Cu2+": {"charge": "+2", "name": "Copper(II) ion"},
    "Zn2+": {"charge": "+2", "name": "Zinc ion"},
    "Ag+": {"charge": "+1", "name": "Silver ion"},
    "Cd2+": {"charge": "+2", "name": "Cadmium ion"},
    "Sn2+": {"charge": "+2", "name": "Tin(II) ion"},
    "Sn4+": {"charge": "+4", "name": "Tin(IV) ion"},
    "Pb2+": {"charge": "+2", "name": "Lead(II) ion"},
    "Pb4+": {"charge": "+4", "name": "Lead(IV) ion"},
    "F-": {"charge": "-1", "name": "Fluoride ion"},
    "Cl-": {"charge": "-1", "name": "Chloride ion"},
    "Br-": {"charge": "-1", "name": "Bromide ion"},
    "I-": {"charge": "-1", "name": "Iodide ion"},
    "O2-": {"charge": "-2", "name": "Oxide ion"},
    "S2-": {"charge": "-2", "name": "Sulfide ion"},
    "Se2-": {"charge": "-2", "name": "Selenide ion"},
    "N3-": {"charge": "-3", "name": "Nitride ion"},
    "P3-": {"charge": "-3", "name": "Phosphide ion"},
    "NH4+": {"charge": "+1", "name": "Ammonium ion"},
    "OH-": {"charge": "-1", "name": "Hydroxide ion"},
    "CN-": {"charge": "-1", "name": "Cyanide ion"},
    "NO2-": {"charge": "-1", "name": "Nitrite ion"},
    "NO3-": {"charge": "-1", "name": "Nitrate ion"},
    "SO3^2-": {"charge": "-2", "name": "Sulfite ion"},
    "SO4^2-": {"charge": "-2", "name": "Sulfate ion"},
    "HSO4-": {"charge": "-1", "name": "Hydrogen sulfate ion"},
    "PO4^3-": {"charge": "-3", "name": "Phosphate ion"},
    "HPO4^2-": {"charge": "-2", "name": "Hydrogen phosphate ion"},
    "H2PO4-": {"charge": "-1", "name": "Dihydrogen phosphate ion"},
    "CO3^2-": {"charge": "-2", "name": "Carbonate ion"},
    "HCO3-": {"charge": "-1", "name": "Hydrogen carbonate ion"},
    "ClO-": {"charge": "-1", "name": "Hypochlorite ion"},
    "ClO2-": {"charge": "-1", "name": "Chlorite ion"},
    "ClO3-": {"charge": "-1", "name": "Chlorate ion"},
    "ClO4-": {"charge": "-1", "name": "Perchlorate ion"},
    "MnO4-": {"charge": "-1", "name": "Permanganate ion"},
    "MnO4^2-": {"charge": "-2", "name": "Manganate ion"},
    "CrO4^2-": {"charge": "-2", "name": "Chromate ion"},
    "Cr2O7^2-": {"charge": "-2", "name": "Dichromate ion"},
    "C2H3O2-": {"charge": "-1", "name": "Acetate ion"},
    "CH3COO-": {"charge": "-1", "name": "Acetate ion"},
    "C2O4^2-": {"charge": "-2", "name": "Oxalate ion"},
    "S2O3^2-": {"charge": "-2", "name": "Thiosulfate ion"}
  },
  "atomicMasses": {
    "H": 1.008, "He": 4.003, "Li": 6.94, "Be": 9.012,
    "B": 10.81, "C": 12.01, "N": 14.01, "O": 16.00,
    "F": 19.00, "Ne": 20.18, "Na": 22.99, "Mg": 24.31,
    "Al": 26.98, "Si": 28.09, "P": 30.97, "S": 32.07,
    "Cl": 35.45, "Ar": 39.95, "K": 39.10, "Ca": 40.08,
    "Sc": 44.96, "Ti": 47.87, "V": 50.94, "Cr": 52.00,
    "Mn": 54.94, "Fe": 55.85, "Co": 58.93, "Ni": 58.69,
    "Cu": 63.55, "Zn": 65.38, "Ga": 69.72, "Ge": 72.63,
    "As": 74.92, "Se": 78.97, "Br": 79.90, "Kr": 83.80,
    "Rb": 85.47, "Sr": 87.62, "Y": 88.91, "Zr": 91.22,
    "Nb": 92.91, "Mo": 95.95, "Tc": 98.00, "Ru": 101.07,
    "Rh": 102.91, "Pd": 106.42, "Ag": 107.87, "Cd": 112.41,
    "In": 114.82, "Sn": 118.71, "Sb": 121.76, "Te": 127.60,
    "I": 126.90, "Xe": 131.29, "Cs": 132.91, "Ba": 137.33,
    "La": 138.91, "Ce": 140.12, "Pr": 140.91, "Nd": 144.24,
    "Pm": 145.00, "Sm": 150.36, "Eu": 151.96, "Gd": 157.25,
    "Tb": 158.93, "Dy": 162.50, "Ho": 164.93, "Er": 167.26,
    "Tm": 168.93, "Yb": 173.05, "Lu": 174.97, "Hf": 178.49,
    "Ta": 180.95, "W": 183.84, "Re": 186.21, "Os": 190.23,
    "Ir": 192.22, "Pt": 195.08, "Au": 196.97, "Hg": 200.59,
    "Tl": 204.38, "Pb": 207.2, "Bi": 208.98, "Po": 209.00,
    "At": 210.00, "Rn": 222.00, "Fr": 223.00, "Ra": 226.00,
    "Ac": 227.00, "Th": 232.04, "Pa": 231.04, "U": 238.03
  }
}