{
  "H": [1, -1],
  "Li": [1],
  "Na": [1],
  "K": [1],
  "Rb": [1],
  "Cs": [1],
  "Fr": [1],
  "Be": [2],
  "Mg": [2],
  "Ca": [2],
  "Sr": [2],
  "Ba": [2],
  "Ra": [2],
  "Al": [3],
  "Ga": [3, 1],
  "In": [3, 1],
  "Tl": [1, 3],
  "Sn": [2, 4],
  "Pb": [2, 4],
  "Bi": [3, 5],
  "B": [3],
  "C": [4, -4],
  "Si": [4, -4],
  "Ge": [4, 2],
  "N": [-3, 3, 5],
  "P": [-3, 3, 5],
  "As": [-3, 3, 5],
  "Sb": [3, 5, -3],
  "O": [-2, -1],
  "S": [-2, 2, 4, 6],
  "Se": [-2, 2, 4, 6],
  "Te": [-2, 2, 4, 6],
  "Po": [2, 4],
  "F": [-1],
  "Cl": [-1, 1, 3, 5, 7],
  "Br": [-1, 1, 3, 5],
  "I": [-1, 1, 3, 5, 7],
  "At": [-1, 1],
  "He": [0],
  "Ne": [0],
  "Ar": [0],
  "Kr": [0],
  "Xe": [0],
  "Rn": [0],
  "Sc": [3],
  "Ti": [4, 3, 2],
  "V": [5, 4, 3, 2],
  "Cr": [3, 6, 2],
  "Mn": [2, 4, 7, 3, 6],
  "Fe": [3, 2],
  "Co": [2, 3],
  "Ni": [2, 3],
  "Cu": [2, 1],
  "Zn": [2],
  "Y": [3],
  "Zr": [4],
  "Nb": [5, 3],
  "Mo": [6, 4, 3, 2],
  "Tc": [7, 4, 6],
  "Ru": [3, 4, 2, 6, 8],
  "Rh": [3, 4, 2],
  "Pd": [2, 4],
  "Ag": [1],
  "Cd": [2],
  "Hf": [4],
  "Ta": [5],
  "W": [6, 4, 2],
  "Re": [7, 4, 6, 2],
  "Os": [4, 6, 3, 8],
  "Ir": [4, 3, 6],
  "Pt": [2, 4],
  "Au": [3, 1],
  "Hg": [2, 1],
  "La": [3],
  "Ce": [3, 4],
  "Pr": [3, 4],
  "Nd": [3],
  "Pm": [3],
  "Sm": [3, 2],
  "Eu": [3, 2],
  "Gd": [3],
  "Tb": [3, 4],
  "Dy": [3],
  "Ho": [3],
  "Er": [3],
  "Tm": [3],
  "Yb": [3, 2],
  "Lu": [3],
  "Ac": [3],
  "Th": [4],
  "Pa": [5, 4],
  "U": [6, 4, 3, 5],
  "Np": [5, 6, 4, 3],
  "Pu": [4, 3, 6, 5],
  "Am": [3, 4, 5, 6],
  "Cm": [3],
  "Bk": [3, 4],
  "Cf": [3],
  "Es": [3],
  "Fm": [3],
  "Md": [3],
  "No": [3, 2],
  "Lr": [3],
  
  "NH4": [1],
  "NH3": [0],
  "H3O": [1],
  "OH": [-1],
  "CN": [-1],
  "SCN": [-1],
  "OCN": [-1],
  "N3": [-1],
  "O2": [-1],
  "O22": [-2],
  "NO2": [-1],
  "NO3": [-1],
  "NO": [1],
  "N2H5": [1],
  "ClO": [-1],
  "ClO2": [-1],
  "ClO3": [-1],
  "ClO4": [-1],
  "BrO": [-1],
  "BrO2": [-1],
  "BrO3": [-1],
  "BrO4": [-1],
  "IO": [-1],
  "IO2": [-1],
  "IO3": [-1],
  "IO4": [-1],
  "IO65": [-7],
  "MnO4": [-1],
  "MnO42": [-2],
  "CrO42": [-2],
  "Cr2O72": [-2],
  "SO32": [-2],
  "SO42": [-2],
  "SO52": [-2],
  "S2O32": [-2],
  "S2O42": [-2],
  "S2O52": [-2],
  "S2O62": [-2],
  "S2O72": [-2],
  "S2O82": [-2],
  "S4O62": [-2],
  "HSO3": [-1],
  "HSO4": [-1],
  "HS": [-1],
  "SeO32": [-2],
  "SeO42": [-2],
  "TeO32": [-2],
  "TeO42": [-2],
  "AsO43": [-3],
  "AsO33": [-3],
  "PO43": [-3],
  "PO33": [-3],
  "PO23": [-3],
  "P2O74": [-4],
  "HPO42": [-2],
  "H2PO4": [-1],
  "HPO32": [-2],
  "H2PO3": [-1],
  "H2PO2": [-1],
  "BO33": [-3],
  "B4O72": [-2],
  "CO32": [-2],
  "HCO3": [-1],
  "C2O42": [-2],
  "HC2O4": [-1],
  "SiO32": [-2],
  "SiO44": [-4],
  "Si2O76": [-6],
  "SiF62": [-2],
  "AlO2": [-1],
  "AlO33": [-3],
  "Al(OH)4": [-1],
  "SnO32": [-2],
  "SnO22": [-2],
  "PbO22": [-2],
  "BiO3": [-1],
  "ZnO22": [-2],
  "BeO22": [-2],
  "CH3COO": [-1],
  "C2H3O2": [-1],
  "CHO2": [-1],
  "C6H5O73": [-3],
  "C4H4O62": [-2],
  "C8H4O42": [-2],
  "C4H6O52": [-2],
  "C2O42": [-2],
  "HC2O4": [-1],
  "C6H5COO": [-1],
  "C7H5O2": [-1],
  "PF6": [-1],
  "BF4": [-1],
  "VO43": [-3],
  "VO2": [1],
  "VO2+": [1],
  "UO22": [2],
  "UO2": [2],
  "NpO2": [1, 2],
  "PuO2": [1, 2],
  "AmO2": [1, 2],
  "Fe(CN)63": [-3],
  "Fe(CN)64": [-4],
  "Co(CN)63": [-3],
  "Ni(CN)42": [-2],
  "Cu(CN)43": [-3],
  "Ag(CN)2": [-1],
  "Au(CN)2": [-1],
  "Au(CN)4": [-1],
  "Hg(CN)42": [-2],
  "Zn(CN)42": [-2],
  "Cd(CN)42": [-2],
  "AuCl4": [-1],
  "PtCl62": [-2],
  "PtCl42": [-2],
  "PdCl42": [-2],
  "HgI42": [-2],
  "CdI42": [-2],
  "AlF63": [-3],
  "AlCl4": [-1],
  "FeCl4": [-1],
  "GaCl4": [-1],
  "InCl4": [-1],
  "TlCl4": [-1],
  "SnCl62": [-2],
  "PbCl42": [-2],
  "SbF6": [-1],
  "AsF6": [-1],
  "NbF6": [-1],
  "TaF6": [-1],
  "Co(NH3)63": [3],
  "Cu(NH3)42": [2],
  "Ag(NH3)2": [1],
  "Zn(NH3)42": [2],
  "Cd(NH3)42": [2],
  "Ni(NH3)62": [2]
}
